{"cameraMode":{"drawMode":0,"name":"Shaded","section":"Shading Mode"},"sceneLighting":false,"audioPlay":false,"sceneViewState":{"m_AlwaysRefresh":false,"showFog":true,"showSkybox":false,"showFlares":true,"showImageEffects":true,"showParticleSystems":true,"showVisualEffectGraphs":true,"m_FxEnabled":true},"in2DMode":false,"pivot":{"x":3.344757080078125,"y":1.4688405990600587,"z":0.12303264439105988},"rotation":{"x":0.07838231325149536,"y":-0.657823383808136,"z":-0.06912655383348465,"w":-0.7457571029663086},"size":3.2238759994506838,"orthographic":false}