{"cameraMode":{"drawMode":0,"name":"Shaded","section":"Shading Mode"},"sceneLighting":false,"audioPlay":false,"sceneViewState":{"m_AlwaysRefresh":false,"showFog":true,"showSkybox":false,"showFlares":true,"showImageEffects":true,"showParticleSystems":true,"showVisualEffectGraphs":true,"m_FxEnabled":true},"in2DMode":false,"pivot":{"x":-2.3625898361206056,"y":0.43845659494400027,"z":5.740861892700195},"rotation":{"x":-0.0008906348957680166,"y":-0.0027049058116972448,"z":-0.0000023718123429716799,"w":0.9999958276748657},"size":4.311858654022217,"orthographic":false}