{"cameraMode":{"drawMode":0,"name":"Shaded","section":"Shading Mode"},"sceneLighting":false,"audioPlay":false,"sceneViewState":{"m_AlwaysRefresh":false,"showFog":true,"showSkybox":false,"showFlares":true,"showImageEffects":true,"showParticleSystems":true,"showVisualEffectGraphs":true,"m_FxEnabled":true},"in2DMode":false,"pivot":{"x":-45.16071701049805,"y":15.28875732421875,"z":-68.11515808105469},"rotation":{"x":0.48186567425727847,"y":0.00657051894813776,"z":-0.0036072772927582266,"w":0.8761895895004273},"size":136.74261474609376,"orthographic":false}